# Lab 9 - BB84 on the Bench: SYNTHETIC class data, 6 groups (G1-G6)
# SYNTHETIC — not a real bench run; replace with your class's data.
# Drawn from the ideal bench model (declared deviation DEV-9.3: no loss, no noise, perfect alignment),
#   one random stream numpy.random.default_rng(909): seed 909.
# Run 1 (no Eve): 52 pulses, then extra pulses (up to 70) only while S < 26
#   (S = number of same-basis pulses); 6 test bits at random same-basis positions.
# Run 2 (intercept-resend Eve on every pulse): 52 pulses; every same-basis pulse is a test bit.
# Codes as in lab9_worksheet_template.csv.
group,run,pulse,eve_basis,alice_basis,alice_bit,bob_basis,bob_bit,test
G1,1,1,,+,0,+,0,same
G1,1,2,,+,1,x,0,
G1,1,3,,+,0,x,1,
G1,1,4,,x,0,+,0,
G1,1,5,,+,0,+,0,
G1,1,6,,x,1,+,0,
G1,1,7,,x,0,+,1,
G1,1,8,,+,0,x,0,
G1,1,9,,x,1,x,1,
G1,1,10,,+,1,x,0,
G1,1,11,,+,0,x,1,
G1,1,12,,x,1,x,1,same
G1,1,13,,x,0,x,0,same
G1,1,14,,x,0,+,1,
G1,1,15,,x,0,+,0,
G1,1,16,,x,0,+,1,
G1,1,17,,x,1,+,1,
G1,1,18,,+,1,x,0,
G1,1,19,,+,1,x,0,
G1,1,20,,+,1,x,1,
G1,1,21,,x,1,x,1,same
G1,1,22,,x,1,+,0,
G1,1,23,,x,1,+,1,
G1,1,24,,x,1,+,1,
G1,1,25,,x,0,+,1,
G1,1,26,,+,0,+,0,
G1,1,27,,x,1,+,0,
G1,1,28,,+,1,x,1,
G1,1,29,,+,1,x,0,
G1,1,30,,+,0,+,0,
G1,1,31,,x,1,x,1,
G1,1,32,,x,1,x,1,
G1,1,33,,x,0,+,1,
G1,1,34,,+,1,+,1,
G1,1,35,,x,0,+,0,
G1,1,36,,x,1,+,1,
G1,1,37,,x,0,+,1,
G1,1,38,,x,0,+,1,
G1,1,39,,x,1,x,1,
G1,1,40,,x,1,+,1,
G1,1,41,,+,0,x,0,
G1,1,42,,+,0,x,1,
G1,1,43,,+,1,+,1,
G1,1,44,,x,0,x,0,
G1,1,45,,+,1,x,1,
G1,1,46,,+,0,+,0,same
G1,1,47,,+,1,x,0,
G1,1,48,,x,0,x,0,
G1,1,49,,x,0,+,0,
G1,1,50,,x,0,x,0,
G1,1,51,,x,1,+,0,
G1,1,52,,x,0,+,1,
G1,1,53,,x,1,+,1,
G1,1,54,,x,1,+,1,
G1,1,55,,x,0,+,0,
G1,1,56,,+,0,x,0,
G1,1,57,,+,1,x,1,
G1,1,58,,x,1,x,1,
G1,1,59,,+,1,+,1,same
G1,1,60,,x,1,+,0,
G1,1,61,,+,1,x,0,
G1,1,62,,+,1,x,1,
G1,1,63,,x,0,x,0,
G1,1,64,,x,1,+,0,
G1,1,65,,+,0,+,0,
G1,1,66,,+,1,x,0,
G1,1,67,,x,0,+,1,
G1,1,68,,+,0,x,0,
G1,1,69,,x,0,x,0,
G1,1,70,,+,1,x,1,
G1,2,1,+,x,0,x,1,diff
G1,2,2,+,+,0,x,0,
G1,2,3,+,+,0,x,0,
G1,2,4,+,+,1,x,1,
G1,2,5,x,x,1,x,1,same
G1,2,6,x,+,0,+,0,same
G1,2,7,+,x,0,x,0,same
G1,2,8,x,x,0,+,1,
G1,2,9,+,+,0,+,0,same
G1,2,10,x,x,1,+,1,
G1,2,11,x,x,0,x,0,same
G1,2,12,+,+,1,+,1,same
G1,2,13,x,+,1,+,1,same
G1,2,14,x,x,0,x,0,same
G1,2,15,+,x,0,+,0,
G1,2,16,x,x,0,+,1,
G1,2,17,x,+,0,+,0,same
G1,2,18,x,+,0,+,1,diff
G1,2,19,x,x,1,x,1,same
G1,2,20,+,+,0,+,0,same
G1,2,21,x,+,1,x,0,
G1,2,22,x,+,1,+,1,same
G1,2,23,+,+,1,x,0,
G1,2,24,+,x,0,+,1,
G1,2,25,x,+,1,x,1,
G1,2,26,+,+,1,x,0,
G1,2,27,x,x,1,x,1,same
G1,2,28,+,x,1,x,0,diff
G1,2,29,+,+,0,+,0,same
G1,2,30,+,+,1,x,0,
G1,2,31,x,+,1,x,0,
G1,2,32,+,x,1,x,0,diff
G1,2,33,+,+,0,+,0,same
G1,2,34,+,x,0,x,0,same
G1,2,35,+,+,0,x,0,
G1,2,36,x,+,1,x,1,
G1,2,37,+,x,0,+,0,
G1,2,38,x,x,1,x,1,same
G1,2,39,x,x,0,+,1,
G1,2,40,x,x,1,x,1,same
G1,2,41,+,x,0,+,0,
G1,2,42,+,x,0,+,0,
G1,2,43,x,x,1,x,1,same
G1,2,44,x,x,0,x,0,same
G1,2,45,+,x,1,x,1,same
G1,2,46,x,x,1,+,1,
G1,2,47,x,x,1,+,0,
G1,2,48,x,+,0,x,1,
G1,2,49,x,+,1,+,0,diff
G1,2,50,+,+,0,x,0,
G1,2,51,x,x,1,+,1,
G1,2,52,x,+,1,+,1,same
G2,1,1,,x,0,+,0,
G2,1,2,,+,0,+,0,
G2,1,3,,+,1,x,0,
G2,1,4,,x,1,x,1,
G2,1,5,,+,1,x,1,
G2,1,6,,+,1,x,0,
G2,1,7,,+,1,x,0,
G2,1,8,,x,0,x,0,
G2,1,9,,x,0,+,1,
G2,1,10,,+,0,x,0,
G2,1,11,,x,0,x,0,
G2,1,12,,x,1,+,0,
G2,1,13,,+,1,x,0,
G2,1,14,,x,0,x,0,
G2,1,15,,x,1,x,1,
G2,1,16,,+,1,x,0,
G2,1,17,,x,1,x,1,
G2,1,18,,+,1,+,1,
G2,1,19,,+,0,x,1,
G2,1,20,,+,0,x,1,
G2,1,21,,+,0,+,0,
G2,1,22,,x,0,+,1,
G2,1,23,,+,0,+,0,
G2,1,24,,x,1,x,1,
G2,1,25,,+,1,+,1,
G2,1,26,,x,1,x,1,same
G2,1,27,,+,0,x,1,
G2,1,28,,+,0,+,0,
G2,1,29,,x,0,+,0,
G2,1,30,,+,0,x,0,
G2,1,31,,+,1,x,1,
G2,1,32,,x,1,x,1,
G2,1,33,,x,0,x,0,same
G2,1,34,,x,0,+,1,
G2,1,35,,x,1,+,0,
G2,1,36,,x,1,+,1,
G2,1,37,,x,1,x,1,
G2,1,38,,x,1,+,1,
G2,1,39,,+,0,x,1,
G2,1,40,,+,0,x,1,
G2,1,41,,x,0,x,0,same
G2,1,42,,x,0,x,0,
G2,1,43,,x,0,x,0,
G2,1,44,,x,0,x,0,same
G2,1,45,,x,0,x,0,
G2,1,46,,x,0,x,0,
G2,1,47,,x,0,x,0,
G2,1,48,,x,0,x,0,
G2,1,49,,x,1,+,1,
G2,1,50,,x,0,x,0,
G2,1,51,,x,1,x,1,same
G2,1,52,,+,0,+,0,same
G2,2,1,+,+,0,x,1,
G2,2,2,x,x,1,x,1,same
G2,2,3,x,+,1,+,0,diff
G2,2,4,x,+,0,x,1,
G2,2,5,+,x,1,x,0,diff
G2,2,6,x,+,0,x,1,
G2,2,7,x,x,1,x,1,same
G2,2,8,+,+,1,+,1,same
G2,2,9,+,+,0,+,0,same
G2,2,10,x,x,1,x,1,same
G2,2,11,x,+,0,+,1,diff
G2,2,12,x,+,1,+,0,diff
G2,2,13,x,+,0,+,0,same
G2,2,14,x,+,0,x,1,
G2,2,15,x,+,1,+,0,diff
G2,2,16,x,x,1,+,0,
G2,2,17,+,x,0,+,1,
G2,2,18,+,+,0,+,0,same
G2,2,19,+,+,0,x,1,
G2,2,20,+,x,1,x,1,same
G2,2,21,x,x,0,x,0,same
G2,2,22,+,+,0,+,0,same
G2,2,23,+,+,1,+,1,same
G2,2,24,+,x,1,x,1,same
G2,2,25,x,x,0,x,0,same
G2,2,26,x,+,0,+,0,same
G2,2,27,x,+,0,+,1,diff
G2,2,28,+,+,1,x,1,
G2,2,29,x,+,1,x,1,
G2,2,30,+,+,0,x,1,
G2,2,31,x,+,1,x,0,
G2,2,32,x,x,0,+,1,
G2,2,33,x,+,0,x,0,
G2,2,34,+,+,0,x,1,
G2,2,35,x,x,1,+,1,
G2,2,36,+,x,1,x,1,same
G2,2,37,+,x,0,+,1,
G2,2,38,x,x,0,x,0,same
G2,2,39,+,+,1,+,1,same
G2,2,40,x,x,1,+,1,
G2,2,41,+,x,0,+,0,
G2,2,42,x,x,0,x,0,same
G2,2,43,+,+,0,x,1,
G2,2,44,+,+,1,x,0,
G2,2,45,x,x,1,+,1,
G2,2,46,x,+,0,+,1,diff
G2,2,47,+,+,0,+,0,same
G2,2,48,x,x,1,x,1,same
G2,2,49,+,x,1,+,0,
G2,2,50,x,+,0,x,0,
G2,2,51,x,+,0,+,0,same
G2,2,52,x,x,0,+,1,
G3,1,1,,x,1,+,0,
G3,1,2,,x,0,x,0,same
G3,1,3,,x,1,x,1,
G3,1,4,,+,1,x,0,
G3,1,5,,x,0,+,1,
G3,1,6,,+,1,x,1,
G3,1,7,,x,1,+,1,
G3,1,8,,x,1,+,1,
G3,1,9,,+,0,+,0,
G3,1,10,,+,1,x,0,
G3,1,11,,x,1,+,1,
G3,1,12,,+,1,+,1,
G3,1,13,,x,0,+,0,
G3,1,14,,+,0,x,1,
G3,1,15,,x,0,x,0,
G3,1,16,,x,1,+,0,
G3,1,17,,x,0,x,0,
G3,1,18,,+,1,+,1,
G3,1,19,,+,0,x,0,
G3,1,20,,x,0,x,0,same
G3,1,21,,+,0,x,0,
G3,1,22,,x,0,+,0,
G3,1,23,,x,1,+,0,
G3,1,24,,+,0,+,0,
G3,1,25,,+,0,+,0,same
G3,1,26,,x,0,+,0,
G3,1,27,,x,1,+,0,
G3,1,28,,+,0,+,0,
G3,1,29,,+,0,+,0,
G3,1,30,,+,1,x,0,
G3,1,31,,x,1,x,1,same
G3,1,32,,x,1,+,0,
G3,1,33,,x,1,+,1,
G3,1,34,,x,1,+,0,
G3,1,35,,+,1,+,1,
G3,1,36,,+,0,x,0,
G3,1,37,,+,0,+,0,
G3,1,38,,+,0,+,0,
G3,1,39,,x,0,+,1,
G3,1,40,,+,0,+,0,
G3,1,41,,x,1,x,1,
G3,1,42,,x,1,+,0,
G3,1,43,,x,1,x,1,same
G3,1,44,,x,1,x,1,
G3,1,45,,+,0,x,1,
G3,1,46,,x,1,+,0,
G3,1,47,,+,1,+,1,
G3,1,48,,x,0,+,1,
G3,1,49,,+,0,+,0,
G3,1,50,,+,0,x,1,
G3,1,51,,x,1,+,1,
G3,1,52,,x,0,+,1,
G3,1,53,,x,0,x,0,same
G3,1,54,,x,0,x,0,
G3,1,55,,x,1,x,1,
G3,1,56,,x,0,x,0,
G3,2,1,+,x,1,x,1,same
G3,2,2,x,x,1,+,1,
G3,2,3,x,x,1,+,1,
G3,2,4,x,+,0,x,0,
G3,2,5,x,x,1,+,1,
G3,2,6,+,x,1,x,0,diff
G3,2,7,x,+,1,+,0,diff
G3,2,8,x,x,1,x,1,same
G3,2,9,+,x,0,+,0,
G3,2,10,x,+,1,+,0,diff
G3,2,11,+,x,1,x,1,same
G3,2,12,+,x,0,x,1,diff
G3,2,13,x,+,0,x,0,
G3,2,14,+,+,1,+,1,same
G3,2,15,x,x,1,+,1,
G3,2,16,x,x,0,x,0,same
G3,2,17,x,+,0,+,1,diff
G3,2,18,+,x,0,+,0,
G3,2,19,x,+,1,x,1,
G3,2,20,x,x,0,+,1,
G3,2,21,+,+,0,x,1,
G3,2,22,+,+,1,+,1,same
G3,2,23,+,+,0,x,0,
G3,2,24,x,+,0,+,1,diff
G3,2,25,+,x,0,+,1,
G3,2,26,x,x,0,+,1,
G3,2,27,x,x,1,x,1,same
G3,2,28,x,+,0,x,1,
G3,2,29,x,+,1,+,1,same
G3,2,30,+,+,0,+,0,same
G3,2,31,x,+,1,x,0,
G3,2,32,+,x,0,+,0,
G3,2,33,x,+,0,+,1,diff
G3,2,34,x,+,0,+,1,diff
G3,2,35,+,+,1,x,0,
G3,2,36,+,x,1,x,1,same
G3,2,37,+,x,0,x,0,same
G3,2,38,x,x,1,x,1,same
G3,2,39,x,+,1,x,0,
G3,2,40,+,x,1,x,1,same
G3,2,41,+,+,0,x,1,
G3,2,42,x,x,1,x,1,same
G3,2,43,+,x,0,x,1,diff
G3,2,44,+,+,1,+,1,same
G3,2,45,x,+,0,+,1,diff
G3,2,46,+,x,1,x,0,diff
G3,2,47,+,x,0,+,1,
G3,2,48,x,+,1,+,1,same
G3,2,49,x,+,1,+,1,same
G3,2,50,x,+,0,x,1,
G3,2,51,x,x,0,+,0,
G3,2,52,+,+,1,+,1,same
G4,1,1,,+,0,+,0,
G4,1,2,,x,0,x,0,
G4,1,3,,+,1,+,1,
G4,1,4,,x,1,x,1,same
G4,1,5,,x,1,x,1,
G4,1,6,,+,1,+,1,
G4,1,7,,x,1,x,1,same
G4,1,8,,x,1,+,1,
G4,1,9,,+,1,+,1,
G4,1,10,,x,1,+,1,
G4,1,11,,+,0,x,1,
G4,1,12,,x,0,x,0,same
G4,1,13,,+,0,x,0,
G4,1,14,,+,0,x,0,
G4,1,15,,+,1,x,0,
G4,1,16,,+,0,x,1,
G4,1,17,,+,0,+,0,
G4,1,18,,+,1,+,1,
G4,1,19,,x,1,x,1,
G4,1,20,,x,1,+,0,
G4,1,21,,x,0,x,0,
G4,1,22,,x,0,x,0,
G4,1,23,,+,0,x,0,
G4,1,24,,+,1,+,1,same
G4,1,25,,+,0,+,0,
G4,1,26,,+,1,+,1,
G4,1,27,,x,0,x,0,
G4,1,28,,x,0,+,1,
G4,1,29,,+,1,+,1,same
G4,1,30,,x,1,x,1,
G4,1,31,,x,0,+,0,
G4,1,32,,x,0,+,1,
G4,1,33,,x,0,x,0,
G4,1,34,,+,0,x,0,
G4,1,35,,+,1,x,0,
G4,1,36,,+,1,+,1,
G4,1,37,,+,0,x,0,
G4,1,38,,+,1,+,1,
G4,1,39,,+,1,x,0,
G4,1,40,,x,1,+,1,
G4,1,41,,+,1,+,1,same
G4,1,42,,x,0,x,0,
G4,1,43,,x,0,+,1,
G4,1,44,,x,1,+,0,
G4,1,45,,x,0,x,0,
G4,1,46,,+,0,x,0,
G4,1,47,,x,1,+,0,
G4,1,48,,x,0,+,1,
G4,1,49,,+,0,x,0,
G4,1,50,,x,0,x,0,
G4,1,51,,x,0,+,0,
G4,1,52,,x,1,+,0,
G4,2,1,x,x,1,+,0,
G4,2,2,+,+,0,+,0,same
G4,2,3,x,+,0,+,1,diff
G4,2,4,+,x,0,x,1,diff
G4,2,5,+,x,1,x,0,diff
G4,2,6,+,+,0,+,0,same
G4,2,7,x,x,0,+,1,
G4,2,8,+,x,0,x,0,same
G4,2,9,x,+,0,x,0,
G4,2,10,x,+,1,x,0,
G4,2,11,x,x,1,x,1,same
G4,2,12,x,x,1,+,1,
G4,2,13,x,+,0,x,1,
G4,2,14,+,+,0,+,0,same
G4,2,15,x,+,1,x,1,
G4,2,16,x,+,0,+,0,same
G4,2,17,+,+,1,x,0,
G4,2,18,+,x,0,+,1,
G4,2,19,+,x,1,x,1,same
G4,2,20,x,x,0,x,0,same
G4,2,21,x,x,1,+,0,
G4,2,22,x,x,1,+,0,
G4,2,23,+,+,0,+,0,same
G4,2,24,+,x,1,+,1,
G4,2,25,x,+,1,x,1,
G4,2,26,+,x,0,+,0,
G4,2,27,+,x,1,x,0,diff
G4,2,28,x,x,0,+,0,
G4,2,29,+,+,1,+,1,same
G4,2,30,x,+,1,x,0,
G4,2,31,x,+,1,x,0,
G4,2,32,+,x,0,+,0,
G4,2,33,+,x,0,x,1,diff
G4,2,34,+,x,0,x,0,same
G4,2,35,+,x,0,x,1,diff
G4,2,36,x,+,1,x,0,
G4,2,37,+,+,1,+,1,same
G4,2,38,+,+,1,+,1,same
G4,2,39,+,x,0,+,0,
G4,2,40,x,x,0,x,0,same
G4,2,41,+,x,0,+,1,
G4,2,42,+,+,1,+,1,same
G4,2,43,x,x,1,+,1,
G4,2,44,x,x,1,x,1,same
G4,2,45,+,+,0,+,0,same
G4,2,46,x,+,1,+,0,diff
G4,2,47,x,+,0,+,0,same
G4,2,48,+,x,0,+,1,
G4,2,49,x,+,0,x,0,
G4,2,50,+,x,0,x,1,diff
G4,2,51,+,+,0,x,1,
G4,2,52,x,x,1,x,1,same
G5,1,1,,+,0,+,0,
G5,1,2,,+,1,x,0,
G5,1,3,,+,0,+,0,
G5,1,4,,x,0,x,0,
G5,1,5,,+,0,+,0,
G5,1,6,,+,0,x,0,
G5,1,7,,x,0,x,0,
G5,1,8,,x,1,+,1,
G5,1,9,,x,1,+,0,
G5,1,10,,x,1,+,0,
G5,1,11,,x,0,x,0,
G5,1,12,,x,0,x,0,same
G5,1,13,,x,0,+,1,
G5,1,14,,x,1,x,1,same
G5,1,15,,+,1,+,1,
G5,1,16,,x,1,x,1,same
G5,1,17,,+,0,x,0,
G5,1,18,,+,0,x,1,
G5,1,19,,+,0,+,0,
G5,1,20,,x,0,+,1,
G5,1,21,,+,1,x,1,
G5,1,22,,+,0,+,0,
G5,1,23,,+,0,+,0,
G5,1,24,,+,1,+,1,same
G5,1,25,,x,0,x,0,
G5,1,26,,+,0,+,0,
G5,1,27,,+,1,x,0,
G5,1,28,,x,0,+,1,
G5,1,29,,+,1,+,1,
G5,1,30,,+,0,+,0,
G5,1,31,,x,0,+,1,
G5,1,32,,+,0,x,1,
G5,1,33,,x,0,+,1,
G5,1,34,,+,1,x,1,
G5,1,35,,+,1,+,1,same
G5,1,36,,+,1,+,1,
G5,1,37,,x,0,x,0,
G5,1,38,,x,0,+,1,
G5,1,39,,+,1,+,1,
G5,1,40,,x,0,+,0,
G5,1,41,,x,0,+,0,
G5,1,42,,x,1,x,1,
G5,1,43,,+,1,+,1,
G5,1,44,,+,1,+,1,
G5,1,45,,+,0,+,0,
G5,1,46,,+,1,+,1,same
G5,1,47,,x,0,+,1,
G5,1,48,,+,0,+,0,
G5,1,49,,x,1,+,1,
G5,1,50,,x,0,x,0,
G5,1,51,,x,1,+,0,
G5,1,52,,x,1,x,1,
G5,2,1,+,x,0,x,1,diff
G5,2,2,+,+,0,+,0,same
G5,2,3,x,x,0,x,0,same
G5,2,4,+,x,1,x,0,diff
G5,2,5,+,+,0,+,0,same
G5,2,6,x,x,1,+,0,
G5,2,7,x,+,1,+,1,same
G5,2,8,x,+,0,+,1,diff
G5,2,9,x,+,0,x,0,
G5,2,10,+,+,1,x,1,
G5,2,11,x,x,1,x,1,same
G5,2,12,x,+,0,x,1,
G5,2,13,+,x,0,x,1,diff
G5,2,14,x,+,0,+,1,diff
G5,2,15,x,x,0,x,0,same
G5,2,16,+,+,1,x,1,
G5,2,17,x,+,1,+,0,diff
G5,2,18,+,+,1,x,1,
G5,2,19,x,x,1,x,1,same
G5,2,20,+,+,1,x,0,
G5,2,21,x,+,0,+,0,same
G5,2,22,+,+,1,x,1,
G5,2,23,x,+,1,x,0,
G5,2,24,x,+,0,+,0,same
G5,2,25,x,+,0,+,1,diff
G5,2,26,+,x,1,+,1,
G5,2,27,x,x,1,x,1,same
G5,2,28,+,x,0,x,1,diff
G5,2,29,x,+,1,+,1,same
G5,2,30,+,x,0,x,1,diff
G5,2,31,+,+,1,x,1,
G5,2,32,+,+,0,+,0,same
G5,2,33,+,x,0,x,0,same
G5,2,34,+,+,1,x,0,
G5,2,35,+,+,0,x,0,
G5,2,36,+,+,1,x,1,
G5,2,37,x,x,1,x,1,same
G5,2,38,+,x,0,+,1,
G5,2,39,+,+,1,x,0,
G5,2,40,x,+,0,+,0,same
G5,2,41,x,x,1,+,0,
G5,2,42,+,x,1,+,0,
G5,2,43,x,+,1,x,1,
G5,2,44,+,x,0,x,0,same
G5,2,45,+,+,0,x,1,
G5,2,46,x,x,0,+,0,
G5,2,47,+,x,1,+,1,
G5,2,48,x,x,0,+,0,
G5,2,49,+,+,1,+,1,same
G5,2,50,+,+,0,x,1,
G5,2,51,+,+,0,+,0,same
G5,2,52,x,x,1,x,1,same
G6,1,1,,+,1,+,1,
G6,1,2,,x,1,x,1,
G6,1,3,,x,1,+,1,
G6,1,4,,+,1,+,1,
G6,1,5,,x,1,+,1,
G6,1,6,,x,1,x,1,same
G6,1,7,,x,0,+,1,
G6,1,8,,x,1,+,0,
G6,1,9,,+,0,x,0,
G6,1,10,,x,1,+,1,
G6,1,11,,x,0,+,1,
G6,1,12,,+,1,x,0,
G6,1,13,,x,0,x,0,
G6,1,14,,+,0,+,0,
G6,1,15,,+,0,x,1,
G6,1,16,,x,1,x,1,
G6,1,17,,x,1,+,0,
G6,1,18,,+,0,x,1,
G6,1,19,,x,1,x,1,
G6,1,20,,+,1,+,1,
G6,1,21,,+,1,+,1,
G6,1,22,,x,1,x,1,
G6,1,23,,+,1,+,1,
G6,1,24,,+,0,+,0,
G6,1,25,,x,1,x,1,same
G6,1,26,,x,0,+,1,
G6,1,27,,+,0,x,1,
G6,1,28,,+,1,+,1,same
G6,1,29,,x,0,x,0,same
G6,1,30,,+,1,+,1,same
G6,1,31,,+,1,+,1,
G6,1,32,,x,0,x,0,
G6,1,33,,x,1,x,1,same
G6,1,34,,x,1,+,1,
G6,1,35,,x,1,x,1,
G6,1,36,,x,1,+,1,
G6,1,37,,x,0,x,0,
G6,1,38,,x,0,x,0,
G6,1,39,,+,1,+,1,
G6,1,40,,x,0,+,0,
G6,1,41,,x,0,+,0,
G6,1,42,,x,0,x,0,
G6,1,43,,+,1,x,1,
G6,1,44,,+,0,+,0,
G6,1,45,,x,1,+,0,
G6,1,46,,x,0,x,0,
G6,1,47,,+,0,+,0,
G6,1,48,,x,0,x,0,
G6,1,49,,+,0,x,1,
G6,1,50,,x,1,+,0,
G6,1,51,,+,1,+,1,
G6,1,52,,+,0,x,1,
G6,2,1,x,x,0,+,1,
G6,2,2,+,+,1,x,1,
G6,2,3,+,x,1,x,1,same
G6,2,4,x,x,1,+,0,
G6,2,5,x,+,1,+,0,diff
G6,2,6,+,+,0,+,0,same
G6,2,7,x,x,1,x,1,same
G6,2,8,x,x,1,+,1,
G6,2,9,+,x,1,x,1,same
G6,2,10,x,+,1,+,1,same
G6,2,11,x,+,0,+,0,same
G6,2,12,x,x,0,+,0,
G6,2,13,+,+,0,x,0,
G6,2,14,x,x,0,+,1,
G6,2,15,x,+,1,+,1,same
G6,2,16,x,x,0,+,0,
G6,2,17,x,x,1,x,1,same
G6,2,18,x,+,1,x,1,
G6,2,19,x,+,1,x,1,
G6,2,20,+,+,1,x,0,
G6,2,21,+,x,1,x,1,same
G6,2,22,+,x,0,x,1,diff
G6,2,23,+,x,1,x,0,diff
G6,2,24,+,x,1,x,0,diff
G6,2,25,+,x,0,+,1,
G6,2,26,x,x,1,+,1,
G6,2,27,x,x,0,x,0,same
G6,2,28,x,+,0,x,1,
G6,2,29,+,x,0,+,1,
G6,2,30,x,+,0,+,0,same
G6,2,31,+,+,0,+,0,same
G6,2,32,+,+,1,x,0,
G6,2,33,x,x,1,+,0,
G6,2,34,+,+,0,+,0,same
G6,2,35,+,+,0,+,0,same
G6,2,36,x,x,1,+,1,
G6,2,37,x,+,1,+,0,diff
G6,2,38,x,+,0,x,1,
G6,2,39,x,x,1,x,1,same
G6,2,40,x,x,0,+,0,
G6,2,41,+,x,1,x,0,diff
G6,2,42,x,x,0,x,0,same
G6,2,43,x,+,0,x,0,
G6,2,44,+,x,1,+,0,
G6,2,45,x,+,1,+,1,same
G6,2,46,+,+,1,x,1,
G6,2,47,x,x,1,x,1,same
G6,2,48,x,+,0,+,0,same
G6,2,49,x,x,1,+,1,
G6,2,50,x,x,0,x,0,same
G6,2,51,+,x,0,+,0,
G6,2,52,x,x,0,+,0,
